<?xml version="1.0" ?>
<MLDBIF>
<DB>

<DESCRIPTION>
	<SHORT></SHORT>
	<DETAILED></DETAILED>
</DESCRIPTION>

<!-- Neural Network Definition -->
<NETWORK>

	<!-- Node Definitions -->

	<NODE>
		<NAME>Jewellery</NAME>
		<WEIGHT>1.0</WEIGHT>
		<XPOS>7396.235</XPOS>
		<YPOS>5123.2515</YPOS>
		<INDEX>0</INDEX>
		<FUNCTION>sigmoid</FUNCTION>
	</NODE>
	<NODE>
		<NAME>Watches</NAME>
		<WEIGHT>0.0</WEIGHT>
		<XPOS>7491.987</XPOS>
		<YPOS>5112.2515</YPOS>
		<INDEX>1</INDEX>
		<FUNCTION>sigmoid</FUNCTION>
	</NODE>
	<NODE>
		<NAME>Handbags</NAME>
		<WEIGHT>1.0</WEIGHT>
		<XPOS>7593.739</XPOS>
		<YPOS>5115.2515</YPOS>
		<INDEX>2</INDEX>
		<FUNCTION>sigmoid</FUNCTION>
	</NODE>
	<NODE>
		<NAME>Photo Albums</NAME>
		<WEIGHT>0.0</WEIGHT>
		<XPOS>7705.4907</XPOS>
		<YPOS>5127.2515</YPOS>
		<INDEX>3</INDEX>
		<FUNCTION>sigmoid</FUNCTION>
	</NODE>
	<NODE>
		<NAME>Candles</NAME>
		<WEIGHT>0.0</WEIGHT>
		<XPOS>7795.242</XPOS>
		<YPOS>5114.2515</YPOS>
		<INDEX>4</INDEX>
		<FUNCTION>sigmoid</FUNCTION>
	</NODE>
	<NODE>
		<NAME>Books and Confectionery</NAME>
		<WEIGHT>0.0</WEIGHT>
		<XPOS>7924.995</XPOS>
		<YPOS>5126.2515</YPOS>
		<INDEX>5</INDEX>
		<FUNCTION>sigmoid</FUNCTION>
	</NODE>
	<NODE>
		<NAME>Fragrance</NAME>
		<WEIGHT>1.0</WEIGHT>
		<XPOS>8060.747</XPOS>
		<YPOS>5106.2515</YPOS>
		<INDEX>6</INDEX>
		<FUNCTION>sigmoid</FUNCTION>
	</NODE>
	<NODE>
		<NAME>Hair care electronics</NAME>
		<WEIGHT>0.0</WEIGHT>
		<XPOS>8187.499</XPOS>
		<YPOS>5124.2515</YPOS>
		<INDEX>7</INDEX>
		<FUNCTION>sigmoid</FUNCTION>
	</NODE>
	<NODE>
		<NAME>Digitial camera or Netbooks</NAME>
		<WEIGHT>1.0</WEIGHT>
		<XPOS>8311.25</XPOS>
		<YPOS>5090.2515</YPOS>
		<INDEX>8</INDEX>
		<FUNCTION>sigmoid</FUNCTION>
	</NODE>
	<NODE>
		<NAME>Make up and skin care=Error</NAME>
		<WEIGHT>1.0</WEIGHT>
		<XPOS>8462.002</XPOS>
		<YPOS>5123.2515</YPOS>
		<INDEX>9</INDEX>
		<FUNCTION>sigmoid</FUNCTION>
	</NODE>
	<NODE>
		<NAME>Make up and skin care=0.0</NAME>
		<WEIGHT>1.0</WEIGHT>
		<XPOS>8643.754</XPOS>
		<YPOS>5104.2515</YPOS>
		<INDEX>10</INDEX>
		<FUNCTION>sigmoid</FUNCTION>
	</NODE>
	<NODE>
		<NAME>Make up and skin care=1.0</NAME>
		<WEIGHT>1.0</WEIGHT>
		<XPOS>8763.507</XPOS>
		<YPOS>5133.2515</YPOS>
		<INDEX>11</INDEX>
		<FUNCTION>sigmoid</FUNCTION>
	</NODE>
	<NODE>
		<NAME>Hidden 1</NAME>
		<WEIGHT>-0.045423312951915165</WEIGHT>
		<XPOS>7441.4927</XPOS>
		<YPOS>5618.7485</YPOS>
		<INDEX>12</INDEX>
		<FUNCTION>sigmoid</FUNCTION>
	</NODE>
	<NODE>
		<NAME>Hidden 2</NAME>
		<WEIGHT>1.1074909371067838</WEIGHT>
		<XPOS>8760.691</XPOS>
		<YPOS>5580.51</YPOS>
		<INDEX>13</INDEX>
		<FUNCTION>sigmoid</FUNCTION>
	</NODE>
	<NODE>
		<NAME>Likes</NAME>
		<WEIGHT>0.9493694822650823</WEIGHT>
		<XPOS>8113.0723</XPOS>
		<YPOS>5510.178</YPOS>
		<INDEX>14</INDEX>
		<FUNCTION>sigmoid</FUNCTION>
	</NODE>

	<!-- Edge Definitions -->

	<EDGE>
		<STARTINDEX>0</STARTINDEX>
		<ENDINDEX>12</ENDINDEX>
		<WEIGHT>1.4824261097009583</WEIGHT>
	</EDGE>
	<EDGE>
		<STARTINDEX>1</STARTINDEX>
		<ENDINDEX>12</ENDINDEX>
		<WEIGHT>0.9404612089497227</WEIGHT>
	</EDGE>
	<EDGE>
		<STARTINDEX>2</STARTINDEX>
		<ENDINDEX>12</ENDINDEX>
		<WEIGHT>-0.3606405770905536</WEIGHT>
	</EDGE>
	<EDGE>
		<STARTINDEX>3</STARTINDEX>
		<ENDINDEX>12</ENDINDEX>
		<WEIGHT>0.20487161036141455</WEIGHT>
	</EDGE>
	<EDGE>
		<STARTINDEX>4</STARTINDEX>
		<ENDINDEX>12</ENDINDEX>
		<WEIGHT>0.4337321339429951</WEIGHT>
	</EDGE>
	<EDGE>
		<STARTINDEX>5</STARTINDEX>
		<ENDINDEX>12</ENDINDEX>
		<WEIGHT>-1.1331287866853648</WEIGHT>
	</EDGE>
	<EDGE>
		<STARTINDEX>6</STARTINDEX>
		<ENDINDEX>12</ENDINDEX>
		<WEIGHT>0.7448466194561113</WEIGHT>
	</EDGE>
	<EDGE>
		<STARTINDEX>7</STARTINDEX>
		<ENDINDEX>12</ENDINDEX>
		<WEIGHT>-0.37868546435969</WEIGHT>
	</EDGE>
	<EDGE>
		<STARTINDEX>8</STARTINDEX>
		<ENDINDEX>12</ENDINDEX>
		<WEIGHT>0.852045226842762</WEIGHT>
	</EDGE>
	<EDGE>
		<STARTINDEX>9</STARTINDEX>
		<ENDINDEX>12</ENDINDEX>
		<WEIGHT>-1.1164697826575578</WEIGHT>
	</EDGE>
	<EDGE>
		<STARTINDEX>10</STARTINDEX>
		<ENDINDEX>12</ENDINDEX>
		<WEIGHT>0.0679792292577834</WEIGHT>
	</EDGE>
	<EDGE>
		<STARTINDEX>11</STARTINDEX>
		<ENDINDEX>12</ENDINDEX>
		<WEIGHT>-0.044983237579576625</WEIGHT>
	</EDGE>
	<EDGE>
		<STARTINDEX>0</STARTINDEX>
		<ENDINDEX>13</ENDINDEX>
		<WEIGHT>-2.37600846621795</WEIGHT>
	</EDGE>
	<EDGE>
		<STARTINDEX>1</STARTINDEX>
		<ENDINDEX>13</ENDINDEX>
		<WEIGHT>-0.38561924922659674</WEIGHT>
	</EDGE>
	<EDGE>
		<STARTINDEX>2</STARTINDEX>
		<ENDINDEX>13</ENDINDEX>
		<WEIGHT>-0.027830458611606275</WEIGHT>
	</EDGE>
	<EDGE>
		<STARTINDEX>3</STARTINDEX>
		<ENDINDEX>13</ENDINDEX>
		<WEIGHT>-0.7856019477851858</WEIGHT>
	</EDGE>
	<EDGE>
		<STARTINDEX>4</STARTINDEX>
		<ENDINDEX>13</ENDINDEX>
		<WEIGHT>-1.2328051049859137</WEIGHT>
	</EDGE>
	<EDGE>
		<STARTINDEX>5</STARTINDEX>
		<ENDINDEX>13</ENDINDEX>
		<WEIGHT>0.976964013151566</WEIGHT>
	</EDGE>
	<EDGE>
		<STARTINDEX>6</STARTINDEX>
		<ENDINDEX>13</ENDINDEX>
		<WEIGHT>-0.7128735132205171</WEIGHT>
	</EDGE>
	<EDGE>
		<STARTINDEX>7</STARTINDEX>
		<ENDINDEX>13</ENDINDEX>
		<WEIGHT>0.8824983034760479</WEIGHT>
	</EDGE>
	<EDGE>
		<STARTINDEX>8</STARTINDEX>
		<ENDINDEX>13</ENDINDEX>
		<WEIGHT>-2.0292958619942514</WEIGHT>
	</EDGE>
	<EDGE>
		<STARTINDEX>9</STARTINDEX>
		<ENDINDEX>13</ENDINDEX>
		<WEIGHT>1.885902364297352</WEIGHT>
	</EDGE>
	<EDGE>
		<STARTINDEX>10</STARTINDEX>
		<ENDINDEX>13</ENDINDEX>
		<WEIGHT>-0.09688111916763834</WEIGHT>
	</EDGE>
	<EDGE>
		<STARTINDEX>11</STARTINDEX>
		<ENDINDEX>13</ENDINDEX>
		<WEIGHT>-1.3284945949092715</WEIGHT>
	</EDGE>
	<EDGE>
		<STARTINDEX>12</STARTINDEX>
		<ENDINDEX>14</ENDINDEX>
		<WEIGHT>2.8036386923739887</WEIGHT>
	</EDGE>
	<EDGE>
		<STARTINDEX>13</STARTINDEX>
		<ENDINDEX>14</ENDINDEX>
		<WEIGHT>-5.023624717697069</WEIGHT>
	</EDGE>

</NETWORK>

<!-- Example Database -->
<EXAMPLES>

	<!-- Parameter Definition -->
	<PARAMETER type=input>Jewellery</PARAMETER>
	<PARAMETER type=input>Watches</PARAMETER>
	<PARAMETER type=input>Handbags</PARAMETER>
	<PARAMETER type=input>Photo Albums</PARAMETER>
	<PARAMETER type=input>Candles</PARAMETER>
	<PARAMETER type=input>Books and Confectionery</PARAMETER>
	<PARAMETER type=input>Fragrance</PARAMETER>
	<PARAMETER type=input>Hair care electronics</PARAMETER>
	<PARAMETER type=input>Digitial camera or Netbooks</PARAMETER>
	<PARAMETER type=input>Make up and skin care=Error</PARAMETER>
	<PARAMETER type=input>Make up and skin care=0.0</PARAMETER>
	<PARAMETER type=input>Make up and skin care=1.0</PARAMETER>
	<PARAMETER type=output>Likes</PARAMETER>

	<!-- Examples -->
	<EXAMPLE type=training>
		<VALUE parameter="Jewellery">0.0</VALUE>
		<VALUE parameter="Watches">0.0</VALUE>
		<VALUE parameter="Handbags">0.0</VALUE>
		<VALUE parameter="Photo Albums">0.0</VALUE>
		<VALUE parameter="Candles">0.0</VALUE>
		<VALUE parameter="Books and Confectionery">0.0</VALUE>
		<VALUE parameter="Fragrance">0.0</VALUE>
		<VALUE parameter="Hair care electronics">1.0</VALUE>
		<VALUE parameter="Digitial camera or Netbooks">1.0</VALUE>
		<VALUE parameter="Make up and skin care=Error">1.0</VALUE>
		<VALUE parameter="Make up and skin care=0.0">0.0</VALUE>
		<VALUE parameter="Make up and skin care=1.0">0.0</VALUE>
		<VALUE parameter="Likes">0.0</VALUE>
	</EXAMPLE>
	<EXAMPLE type=training>
		<VALUE parameter="Jewellery">0.0</VALUE>
		<VALUE parameter="Watches">1.0</VALUE>
		<VALUE parameter="Handbags">1.0</VALUE>
		<VALUE parameter="Photo Albums">0.0</VALUE>
		<VALUE parameter="Candles">0.0</VALUE>
		<VALUE parameter="Books and Confectionery">0.0</VALUE>
		<VALUE parameter="Fragrance">0.0</VALUE>
		<VALUE parameter="Hair care electronics">0.0</VALUE>
		<VALUE parameter="Digitial camera or Netbooks">0.0</VALUE>
		<VALUE parameter="Make up and skin care=Error">1.0</VALUE>
		<VALUE parameter="Make up and skin care=0.0">0.0</VALUE>
		<VALUE parameter="Make up and skin care=1.0">0.0</VALUE>
		<VALUE parameter="Likes">0.0</VALUE>
	</EXAMPLE>
	<EXAMPLE type=training>
		<VALUE parameter="Jewellery">1.0</VALUE>
		<VALUE parameter="Watches">1.0</VALUE>
		<VALUE parameter="Handbags">1.0</VALUE>
		<VALUE parameter="Photo Albums">1.0</VALUE>
		<VALUE parameter="Candles">1.0</VALUE>
		<VALUE parameter="Books and Confectionery">1.0</VALUE>
		<VALUE parameter="Fragrance">1.0</VALUE>
		<VALUE parameter="Hair care electronics">1.0</VALUE>
		<VALUE parameter="Digitial camera or Netbooks">1.0</VALUE>
		<VALUE parameter="Make up and skin care=Error">1.0</VALUE>
		<VALUE parameter="Make up and skin care=0.0">0.0</VALUE>
		<VALUE parameter="Make up and skin care=1.0">0.0</VALUE>
		<VALUE parameter="Likes">1.0</VALUE>
	</EXAMPLE>
	<EXAMPLE type=training>
		<VALUE parameter="Jewellery">0.0</VALUE>
		<VALUE parameter="Watches">1.0</VALUE>
		<VALUE parameter="Handbags">1.0</VALUE>
		<VALUE parameter="Photo Albums">0.0</VALUE>
		<VALUE parameter="Candles">0.0</VALUE>
		<VALUE parameter="Books and Confectionery">0.0</VALUE>
		<VALUE parameter="Fragrance">0.0</VALUE>
		<VALUE parameter="Hair care electronics">0.0</VALUE>
		<VALUE parameter="Digitial camera or Netbooks">0.0</VALUE>
		<VALUE parameter="Make up and skin care=Error">1.0</VALUE>
		<VALUE parameter="Make up and skin care=0.0">0.0</VALUE>
		<VALUE parameter="Make up and skin care=1.0">0.0</VALUE>
		<VALUE parameter="Likes">0.0</VALUE>
	</EXAMPLE>
	<EXAMPLE type=training>
		<VALUE parameter="Jewellery">0.0</VALUE>
		<VALUE parameter="Watches">0.0</VALUE>
		<VALUE parameter="Handbags">0.0</VALUE>
		<VALUE parameter="Photo Albums">0.0</VALUE>
		<VALUE parameter="Candles">0.0</VALUE>
		<VALUE parameter="Books and Confectionery">1.0</VALUE>
		<VALUE parameter="Fragrance">0.0</VALUE>
		<VALUE parameter="Hair care electronics">0.0</VALUE>
		<VALUE parameter="Digitial camera or Netbooks">0.0</VALUE>
		<VALUE parameter="Make up and skin care=Error">1.0</VALUE>
		<VALUE parameter="Make up and skin care=0.0">0.0</VALUE>
		<VALUE parameter="Make up and skin care=1.0">0.0</VALUE>
		<VALUE parameter="Likes">0.0</VALUE>
	</EXAMPLE>
	<EXAMPLE type=training>
		<VALUE parameter="Jewellery">1.0</VALUE>
		<VALUE parameter="Watches">0.0</VALUE>
		<VALUE parameter="Handbags">0.0</VALUE>
		<VALUE parameter="Photo Albums">1.0</VALUE>
		<VALUE parameter="Candles">1.0</VALUE>
		<VALUE parameter="Books and Confectionery">0.0</VALUE>
		<VALUE parameter="Fragrance">1.0</VALUE>
		<VALUE parameter="Hair care electronics">0.0</VALUE>
		<VALUE parameter="Digitial camera or Netbooks">1.0</VALUE>
		<VALUE parameter="Make up and skin care=Error">1.0</VALUE>
		<VALUE parameter="Make up and skin care=0.0">0.0</VALUE>
		<VALUE parameter="Make up and skin care=1.0">0.0</VALUE>
		<VALUE parameter="Likes">1.0</VALUE>
	</EXAMPLE>
	<EXAMPLE type=training>
		<VALUE parameter="Jewellery">0.0</VALUE>
		<VALUE parameter="Watches">0.0</VALUE>
		<VALUE parameter="Handbags">0.0</VALUE>
		<VALUE parameter="Photo Albums">0.0</VALUE>
		<VALUE parameter="Candles">1.0</VALUE>
		<VALUE parameter="Books and Confectionery">1.0</VALUE>
		<VALUE parameter="Fragrance">1.0</VALUE>
		<VALUE parameter="Hair care electronics">1.0</VALUE>
		<VALUE parameter="Digitial camera or Netbooks">1.0</VALUE>
		<VALUE parameter="Make up and skin care=Error">1.0</VALUE>
		<VALUE parameter="Make up and skin care=0.0">0.0</VALUE>
		<VALUE parameter="Make up and skin care=1.0">0.0</VALUE>
		<VALUE parameter="Likes">0.0</VALUE>
	</EXAMPLE>
	<EXAMPLE type=training>
		<VALUE parameter="Jewellery">1.0</VALUE>
		<VALUE parameter="Watches">1.0</VALUE>
		<VALUE parameter="Handbags">1.0</VALUE>
		<VALUE parameter="Photo Albums">1.0</VALUE>
		<VALUE parameter="Candles">0.0</VALUE>
		<VALUE parameter="Books and Confectionery">0.0</VALUE>
		<VALUE parameter="Fragrance">1.0</VALUE>
		<VALUE parameter="Hair care electronics">0.0</VALUE>
		<VALUE parameter="Digitial camera or Netbooks">1.0</VALUE>
		<VALUE parameter="Make up and skin care=Error">0.0</VALUE>
		<VALUE parameter="Make up and skin care=0.0">1.0</VALUE>
		<VALUE parameter="Make up and skin care=1.0">0.0</VALUE>
		<VALUE parameter="Likes">1.0</VALUE>
	</EXAMPLE>
	<EXAMPLE type=training>
		<VALUE parameter="Jewellery">0.0</VALUE>
		<VALUE parameter="Watches">0.0</VALUE>
		<VALUE parameter="Handbags">1.0</VALUE>
		<VALUE parameter="Photo Albums">0.0</VALUE>
		<VALUE parameter="Candles">0.0</VALUE>
		<VALUE parameter="Books and Confectionery">0.0</VALUE>
		<VALUE parameter="Fragrance">1.0</VALUE>
		<VALUE parameter="Hair care electronics">1.0</VALUE>
		<VALUE parameter="Digitial camera or Netbooks">1.0</VALUE>
		<VALUE parameter="Make up and skin care=Error">0.0</VALUE>
		<VALUE parameter="Make up and skin care=0.0">0.0</VALUE>
		<VALUE parameter="Make up and skin care=1.0">1.0</VALUE>
		<VALUE parameter="Likes">1.0</VALUE>
	</EXAMPLE>
	<EXAMPLE type=training>
		<VALUE parameter="Jewellery">0.0</VALUE>
		<VALUE parameter="Watches">0.0</VALUE>
		<VALUE parameter="Handbags">1.0</VALUE>
		<VALUE parameter="Photo Albums">1.0</VALUE>
		<VALUE parameter="Candles">0.0</VALUE>
		<VALUE parameter="Books and Confectionery">0.0</VALUE>
		<VALUE parameter="Fragrance">0.0</VALUE>
		<VALUE parameter="Hair care electronics">0.0</VALUE>
		<VALUE parameter="Digitial camera or Netbooks">0.0</VALUE>
		<VALUE parameter="Make up and skin care=Error">1.0</VALUE>
		<VALUE parameter="Make up and skin care=0.0">0.0</VALUE>
		<VALUE parameter="Make up and skin care=1.0">0.0</VALUE>
		<VALUE parameter="Likes">0.0</VALUE>
	</EXAMPLE>
	<EXAMPLE type=training>
		<VALUE parameter="Jewellery">0.0</VALUE>
		<VALUE parameter="Watches">0.0</VALUE>
		<VALUE parameter="Handbags">0.0</VALUE>
		<VALUE parameter="Photo Albums">1.0</VALUE>
		<VALUE parameter="Candles">0.0</VALUE>
		<VALUE parameter="Books and Confectionery">0.0</VALUE>
		<VALUE parameter="Fragrance">0.0</VALUE>
		<VALUE parameter="Hair care electronics">0.0</VALUE>
		<VALUE parameter="Digitial camera or Netbooks">0.0</VALUE>
		<VALUE parameter="Make up and skin care=Error">1.0</VALUE>
		<VALUE parameter="Make up and skin care=0.0">0.0</VALUE>
		<VALUE parameter="Make up and skin care=1.0">0.0</VALUE>
		<VALUE parameter="Likes">0.0</VALUE>
	</EXAMPLE>
	<EXAMPLE type=training>
		<VALUE parameter="Jewellery">1.0</VALUE>
		<VALUE parameter="Watches">1.0</VALUE>
		<VALUE parameter="Handbags">0.0</VALUE>
		<VALUE parameter="Photo Albums">0.0</VALUE>
		<VALUE parameter="Candles">1.0</VALUE>
		<VALUE parameter="Books and Confectionery">1.0</VALUE>
		<VALUE parameter="Fragrance">1.0</VALUE>
		<VALUE parameter="Hair care electronics">1.0</VALUE>
		<VALUE parameter="Digitial camera or Netbooks">1.0</VALUE>
		<VALUE parameter="Make up and skin care=Error">1.0</VALUE>
		<VALUE parameter="Make up and skin care=0.0">0.0</VALUE>
		<VALUE parameter="Make up and skin care=1.0">0.0</VALUE>
		<VALUE parameter="Likes">1.0</VALUE>
	</EXAMPLE>
	<EXAMPLE type=training>
		<VALUE parameter="Jewellery">1.0</VALUE>
		<VALUE parameter="Watches">0.0</VALUE>
		<VALUE parameter="Handbags">0.0</VALUE>
		<VALUE parameter="Photo Albums">0.0</VALUE>
		<VALUE parameter="Candles">1.0</VALUE>
		<VALUE parameter="Books and Confectionery">0.0</VALUE>
		<VALUE parameter="Fragrance">0.0</VALUE>
		<VALUE parameter="Hair care electronics">1.0</VALUE>
		<VALUE parameter="Digitial camera or Netbooks">1.0</VALUE>
		<VALUE parameter="Make up and skin care=Error">1.0</VALUE>
		<VALUE parameter="Make up and skin care=0.0">0.0</VALUE>
		<VALUE parameter="Make up and skin care=1.0">0.0</VALUE>
		<VALUE parameter="Likes">1.0</VALUE>
	</EXAMPLE>
	<EXAMPLE type=training>
		<VALUE parameter="Jewellery">0.0</VALUE>
		<VALUE parameter="Watches">1.0</VALUE>
		<VALUE parameter="Handbags">0.0</VALUE>
		<VALUE parameter="Photo Albums">1.0</VALUE>
		<VALUE parameter="Candles">1.0</VALUE>
		<VALUE parameter="Books and Confectionery">0.0</VALUE>
		<VALUE parameter="Fragrance">1.0</VALUE>
		<VALUE parameter="Hair care electronics">1.0</VALUE>
		<VALUE parameter="Digitial camera or Netbooks">1.0</VALUE>
		<VALUE parameter="Make up and skin care=Error">1.0</VALUE>
		<VALUE parameter="Make up and skin care=0.0">0.0</VALUE>
		<VALUE parameter="Make up and skin care=1.0">0.0</VALUE>
		<VALUE parameter="Likes">1.0</VALUE>
	</EXAMPLE>
	<EXAMPLE type=training>
		<VALUE parameter="Jewellery">1.0</VALUE>
		<VALUE parameter="Watches">0.0</VALUE>
		<VALUE parameter="Handbags">0.0</VALUE>
		<VALUE parameter="Photo Albums">0.0</VALUE>
		<VALUE parameter="Candles">0.0</VALUE>
		<VALUE parameter="Books and Confectionery">0.0</VALUE>
		<VALUE parameter="Fragrance">1.0</VALUE>
		<VALUE parameter="Hair care electronics">0.0</VALUE>
		<VALUE parameter="Digitial camera or Netbooks">1.0</VALUE>
		<VALUE parameter="Make up and skin care=Error">1.0</VALUE>
		<VALUE parameter="Make up and skin care=0.0">0.0</VALUE>
		<VALUE parameter="Make up and skin care=1.0">0.0</VALUE>
		<VALUE parameter="Likes">1.0</VALUE>
	</EXAMPLE>
	<EXAMPLE type=training>
		<VALUE parameter="Jewellery">0.0</VALUE>
		<VALUE parameter="Watches">1.0</VALUE>
		<VALUE parameter="Handbags">1.0</VALUE>
		<VALUE parameter="Photo Albums">1.0</VALUE>
		<VALUE parameter="Candles">0.0</VALUE>
		<VALUE parameter="Books and Confectionery">1.0</VALUE>
		<VALUE parameter="Fragrance">1.0</VALUE>
		<VALUE parameter="Hair care electronics">1.0</VALUE>
		<VALUE parameter="Digitial camera or Netbooks">0.0</VALUE>
		<VALUE parameter="Make up and skin care=Error">1.0</VALUE>
		<VALUE parameter="Make up and skin care=0.0">0.0</VALUE>
		<VALUE parameter="Make up and skin care=1.0">0.0</VALUE>
		<VALUE parameter="Likes">0.0</VALUE>
	</EXAMPLE>
	<EXAMPLE type=training>
		<VALUE parameter="Jewellery">1.0</VALUE>
		<VALUE parameter="Watches">0.0</VALUE>
		<VALUE parameter="Handbags">0.0</VALUE>
		<VALUE parameter="Photo Albums">0.0</VALUE>
		<VALUE parameter="Candles">1.0</VALUE>
		<VALUE parameter="Books and Confectionery">1.0</VALUE>
		<VALUE parameter="Fragrance">1.0</VALUE>
		<VALUE parameter="Hair care electronics">1.0</VALUE>
		<VALUE parameter="Digitial camera or Netbooks">1.0</VALUE>
		<VALUE parameter="Make up and skin care=Error">1.0</VALUE>
		<VALUE parameter="Make up and skin care=0.0">0.0</VALUE>
		<VALUE parameter="Make up and skin care=1.0">0.0</VALUE>
		<VALUE parameter="Likes">1.0</VALUE>
	</EXAMPLE>
	<EXAMPLE type=test>
		<VALUE parameter="Jewellery">0.0</VALUE>
		<VALUE parameter="Watches">0.0</VALUE>
		<VALUE parameter="Handbags">0.0</VALUE>
		<VALUE parameter="Photo Albums">0.0</VALUE>
		<VALUE parameter="Candles">0.0</VALUE>
		<VALUE parameter="Books and Confectionery">0.0</VALUE>
		<VALUE parameter="Fragrance">1.0</VALUE>
		<VALUE parameter="Hair care electronics">0.0</VALUE>
		<VALUE parameter="Digitial camera or Netbooks">1.0</VALUE>
		<VALUE parameter="Make up and skin care=Error">1.0</VALUE>
		<VALUE parameter="Make up and skin care=0.0">0.0</VALUE>
		<VALUE parameter="Make up and skin care=1.0">0.0</VALUE>
		<VALUE parameter="Likes">0.0</VALUE>
	</EXAMPLE>
	<EXAMPLE type=test>
		<VALUE parameter="Jewellery">0.0</VALUE>
		<VALUE parameter="Watches">0.0</VALUE>
		<VALUE parameter="Handbags">0.0</VALUE>
		<VALUE parameter="Photo Albums">1.0</VALUE>
		<VALUE parameter="Candles">1.0</VALUE>
		<VALUE parameter="Books and Confectionery">0.0</VALUE>
		<VALUE parameter="Fragrance">0.0</VALUE>
		<VALUE parameter="Hair care electronics">0.0</VALUE>
		<VALUE parameter="Digitial camera or Netbooks">1.0</VALUE>
		<VALUE parameter="Make up and skin care=Error">1.0</VALUE>
		<VALUE parameter="Make up and skin care=0.0">0.0</VALUE>
		<VALUE parameter="Make up and skin care=1.0">0.0</VALUE>
		<VALUE parameter="Likes">0.0</VALUE>
	</EXAMPLE>
	<EXAMPLE type=test>
		<VALUE parameter="Jewellery">0.0</VALUE>
		<VALUE parameter="Watches">0.0</VALUE>
		<VALUE parameter="Handbags">0.0</VALUE>
		<VALUE parameter="Photo Albums">0.0</VALUE>
		<VALUE parameter="Candles">1.0</VALUE>
		<VALUE parameter="Books and Confectionery">0.0</VALUE>
		<VALUE parameter="Fragrance">0.0</VALUE>
		<VALUE parameter="Hair care electronics">1.0</VALUE>
		<VALUE parameter="Digitial camera or Netbooks">1.0</VALUE>
		<VALUE parameter="Make up and skin care=Error">1.0</VALUE>
		<VALUE parameter="Make up and skin care=0.0">0.0</VALUE>
		<VALUE parameter="Make up and skin care=1.0">0.0</VALUE>
		<VALUE parameter="Likes">1.0</VALUE>
	</EXAMPLE>
	<EXAMPLE type=test>
		<VALUE parameter="Jewellery">0.0</VALUE>
		<VALUE parameter="Watches">1.0</VALUE>
		<VALUE parameter="Handbags">1.0</VALUE>
		<VALUE parameter="Photo Albums">0.0</VALUE>
		<VALUE parameter="Candles">0.0</VALUE>
		<VALUE parameter="Books and Confectionery">0.0</VALUE>
		<VALUE parameter="Fragrance">0.0</VALUE>
		<VALUE parameter="Hair care electronics">0.0</VALUE>
		<VALUE parameter="Digitial camera or Netbooks">0.0</VALUE>
		<VALUE parameter="Make up and skin care=Error">1.0</VALUE>
		<VALUE parameter="Make up and skin care=0.0">0.0</VALUE>
		<VALUE parameter="Make up and skin care=1.0">0.0</VALUE>
		<VALUE parameter="Likes">1.0</VALUE>
	</EXAMPLE>
	<EXAMPLE type=test>
		<VALUE parameter="Jewellery">0.0</VALUE>
		<VALUE parameter="Watches">0.0</VALUE>
		<VALUE parameter="Handbags">1.0</VALUE>
		<VALUE parameter="Photo Albums">1.0</VALUE>
		<VALUE parameter="Candles">1.0</VALUE>
		<VALUE parameter="Books and Confectionery">0.0</VALUE>
		<VALUE parameter="Fragrance">0.0</VALUE>
		<VALUE parameter="Hair care electronics">0.0</VALUE>
		<VALUE parameter="Digitial camera or Netbooks">1.0</VALUE>
		<VALUE parameter="Make up and skin care=Error">1.0</VALUE>
		<VALUE parameter="Make up and skin care=0.0">0.0</VALUE>
		<VALUE parameter="Make up and skin care=1.0">0.0</VALUE>
		<VALUE parameter="Likes">1.0</VALUE>
	</EXAMPLE>
	<EXAMPLE type=test>
		<VALUE parameter="Jewellery">0.0</VALUE>
		<VALUE parameter="Watches">0.0</VALUE>
		<VALUE parameter="Handbags">1.0</VALUE>
		<VALUE parameter="Photo Albums">1.0</VALUE>
		<VALUE parameter="Candles">0.0</VALUE>
		<VALUE parameter="Books and Confectionery">0.0</VALUE>
		<VALUE parameter="Fragrance">0.0</VALUE>
		<VALUE parameter="Hair care electronics">0.0</VALUE>
		<VALUE parameter="Digitial camera or Netbooks">0.0</VALUE>
		<VALUE parameter="Make up and skin care=Error">1.0</VALUE>
		<VALUE parameter="Make up and skin care=0.0">0.0</VALUE>
		<VALUE parameter="Make up and skin care=1.0">0.0</VALUE>
		<VALUE parameter="Likes">0.0</VALUE>
	</EXAMPLE>
	<EXAMPLE type=test>
		<VALUE parameter="Jewellery">1.0</VALUE>
		<VALUE parameter="Watches">0.0</VALUE>
		<VALUE parameter="Handbags">1.0</VALUE>
		<VALUE parameter="Photo Albums">0.0</VALUE>
		<VALUE parameter="Candles">0.0</VALUE>
		<VALUE parameter="Books and Confectionery">0.0</VALUE>
		<VALUE parameter="Fragrance">1.0</VALUE>
		<VALUE parameter="Hair care electronics">0.0</VALUE>
		<VALUE parameter="Digitial camera or Netbooks">0.0</VALUE>
		<VALUE parameter="Make up and skin care=Error">1.0</VALUE>
		<VALUE parameter="Make up and skin care=0.0">1.0</VALUE>
		<VALUE parameter="Make up and skin care=1.0">1.0</VALUE>
		<VALUE parameter="Likes">0.0</VALUE>
	</EXAMPLE>
	<EXAMPLE type=test>
		<VALUE parameter="Jewellery">1.0</VALUE>
		<VALUE parameter="Watches">0.0</VALUE>
		<VALUE parameter="Handbags">1.0</VALUE>
		<VALUE parameter="Photo Albums">0.0</VALUE>
		<VALUE parameter="Candles">0.0</VALUE>
		<VALUE parameter="Books and Confectionery">0.0</VALUE>
		<VALUE parameter="Fragrance">1.0</VALUE>
		<VALUE parameter="Hair care electronics">0.0</VALUE>
		<VALUE parameter="Digitial camera or Netbooks">0.0</VALUE>
		<VALUE parameter="Make up and skin care=Error">1.0</VALUE>
		<VALUE parameter="Make up and skin care=0.0">1.0</VALUE>
		<VALUE parameter="Make up and skin care=1.0">1.0</VALUE>
		<VALUE parameter="Likes">1.0</VALUE>
	</EXAMPLE>
	<EXAMPLE type=test>
		<VALUE parameter="Jewellery">1.0</VALUE>
		<VALUE parameter="Watches">0.0</VALUE>
		<VALUE parameter="Handbags">1.0</VALUE>
		<VALUE parameter="Photo Albums">0.0</VALUE>
		<VALUE parameter="Candles">0.0</VALUE>
		<VALUE parameter="Books and Confectionery">0.0</VALUE>
		<VALUE parameter="Fragrance">1.0</VALUE>
		<VALUE parameter="Hair care electronics">0.0</VALUE>
		<VALUE parameter="Digitial camera or Netbooks">1.0</VALUE>
		<VALUE parameter="Make up and skin care=Error">1.0</VALUE>
		<VALUE parameter="Make up and skin care=0.0">1.0</VALUE>
		<VALUE parameter="Make up and skin care=1.0">1.0</VALUE>
		<VALUE parameter="Likes">1.0</VALUE>
	</EXAMPLE>
</EXAMPLES>

</DB>
</MLDBIF>


