<!-- Example Database -->
<EXAMPLES>

	<DESCRIPTION>
		<SHORT></SHORT>
		<DETAILED></DETAILED>
	</DESCRIPTION>

	<!-- Parameter Definition -->
	<PARAMETER type=input>Unusual tiredness</PARAMETER>
	<PARAMETER type=input>Shortness of breath or coughing</PARAMETER>
	<PARAMETER type=input>Headache</PARAMETER>
	<PARAMETER type=input>Sore throat</PARAMETER>
	<PARAMETER type=input>Diarrhoea or vomiting</PARAMETER>
	<PARAMETER type=output>Diagnosis</PARAMETER>

	<!-- Examples -->
	<EXAMPLE type=training>
		<VALUE parameter="Unusual tiredness">y</VALUE>
		<VALUE parameter="Shortness of breath or coughing">y</VALUE>
		<VALUE parameter="Headache">y</VALUE>
		<VALUE parameter="Sore throat">y</VALUE>
		<VALUE parameter="Diarrhoea or vomiting">y</VALUE>
		<VALUE parameter="Diagnosis">infected</VALUE>
	</EXAMPLE>
	<EXAMPLE type=training>
		<VALUE parameter="Unusual tiredness">y</VALUE>
		<VALUE parameter="Shortness of breath or coughing">y</VALUE>
		<VALUE parameter="Headache">n</VALUE>
		<VALUE parameter="Sore throat">y</VALUE>
		<VALUE parameter="Diarrhoea or vomiting">y</VALUE>
		<VALUE parameter="Diagnosis">infected</VALUE>
	</EXAMPLE>
	<EXAMPLE type=training>
		<VALUE parameter="Unusual tiredness">n</VALUE>
		<VALUE parameter="Shortness of breath or coughing">n</VALUE>
		<VALUE parameter="Headache">n</VALUE>
		<VALUE parameter="Sore throat">n</VALUE>
		<VALUE parameter="Diarrhoea or vomiting">n</VALUE>
		<VALUE parameter="Diagnosis">not infected</VALUE>
	</EXAMPLE>
	<EXAMPLE type=training>
		<VALUE parameter="Unusual tiredness">n</VALUE>
		<VALUE parameter="Shortness of breath or coughing">y</VALUE>
		<VALUE parameter="Headache">n</VALUE>
		<VALUE parameter="Sore throat">y</VALUE>
		<VALUE parameter="Diarrhoea or vomiting">n</VALUE>
		<VALUE parameter="Diagnosis">infected</VALUE>
	</EXAMPLE>
	<EXAMPLE type=training>
		<VALUE parameter="Unusual tiredness">n</VALUE>
		<VALUE parameter="Shortness of breath or coughing">n</VALUE>
		<VALUE parameter="Headache">y</VALUE>
		<VALUE parameter="Sore throat">n</VALUE>
		<VALUE parameter="Diarrhoea or vomiting">n</VALUE>
		<VALUE parameter="Diagnosis">not infected</VALUE>
	</EXAMPLE>
	<EXAMPLE type=training>
		<VALUE parameter="Unusual tiredness">y</VALUE>
		<VALUE parameter="Shortness of breath or coughing">n</VALUE>
		<VALUE parameter="Headache">n</VALUE>
		<VALUE parameter="Sore throat">n</VALUE>
		<VALUE parameter="Diarrhoea or vomiting">n</VALUE>
		<VALUE parameter="Diagnosis">not infected</VALUE>
	</EXAMPLE>
	<EXAMPLE type=training>
		<VALUE parameter="Unusual tiredness">y</VALUE>
		<VALUE parameter="Shortness of breath or coughing">n</VALUE>
		<VALUE parameter="Headache">n</VALUE>
		<VALUE parameter="Sore throat">y</VALUE>
		<VALUE parameter="Diarrhoea or vomiting">y</VALUE>
		<VALUE parameter="Diagnosis">infected</VALUE>
	</EXAMPLE>
	<EXAMPLE type=training>
		<VALUE parameter="Unusual tiredness">n</VALUE>
		<VALUE parameter="Shortness of breath or coughing">n</VALUE>
		<VALUE parameter="Headache">y</VALUE>
		<VALUE parameter="Sore throat">n</VALUE>
		<VALUE parameter="Diarrhoea or vomiting">n</VALUE>
		<VALUE parameter="Diagnosis">not infected</VALUE>
	</EXAMPLE>
	<EXAMPLE type=training>
		<VALUE parameter="Unusual tiredness">y</VALUE>
		<VALUE parameter="Shortness of breath or coughing">n</VALUE>
		<VALUE parameter="Headache">y</VALUE>
		<VALUE parameter="Sore throat">y</VALUE>
		<VALUE parameter="Diarrhoea or vomiting">y</VALUE>
		<VALUE parameter="Diagnosis">infected</VALUE>
	</EXAMPLE>
	<EXAMPLE type=training>
		<VALUE parameter="Unusual tiredness">y</VALUE>
		<VALUE parameter="Shortness of breath or coughing">n</VALUE>
		<VALUE parameter="Headache">y</VALUE>
		<VALUE parameter="Sore throat">n</VALUE>
		<VALUE parameter="Diarrhoea or vomiting">n</VALUE>
		<VALUE parameter="Diagnosis">not infected</VALUE>
	</EXAMPLE>
	<EXAMPLE type=training>
		<VALUE parameter="Unusual tiredness">y</VALUE>
		<VALUE parameter="Shortness of breath or coughing">n</VALUE>
		<VALUE parameter="Headache">y</VALUE>
		<VALUE parameter="Sore throat">y</VALUE>
		<VALUE parameter="Diarrhoea or vomiting">y</VALUE>
		<VALUE parameter="Diagnosis">infected</VALUE>
	</EXAMPLE>
	<EXAMPLE type=training>
		<VALUE parameter="Unusual tiredness">y</VALUE>
		<VALUE parameter="Shortness of breath or coughing">n</VALUE>
		<VALUE parameter="Headache">y</VALUE>
		<VALUE parameter="Sore throat">y</VALUE>
		<VALUE parameter="Diarrhoea or vomiting">n</VALUE>
		<VALUE parameter="Diagnosis">not infected</VALUE>
	</EXAMPLE>
	<EXAMPLE type=training>
		<VALUE parameter="Unusual tiredness">n</VALUE>
		<VALUE parameter="Shortness of breath or coughing">y</VALUE>
		<VALUE parameter="Headache">y</VALUE>
		<VALUE parameter="Sore throat">y</VALUE>
		<VALUE parameter="Diarrhoea or vomiting">y</VALUE>
		<VALUE parameter="Diagnosis">infected</VALUE>
	</EXAMPLE>
	<EXAMPLE type=training>
		<VALUE parameter="Unusual tiredness">n</VALUE>
		<VALUE parameter="Shortness of breath or coughing">n</VALUE>
		<VALUE parameter="Headache">n</VALUE>
		<VALUE parameter="Sore throat">y</VALUE>
		<VALUE parameter="Diarrhoea or vomiting">n</VALUE>
		<VALUE parameter="Diagnosis">not infected</VALUE>
	</EXAMPLE>
	<EXAMPLE type=training>
		<VALUE parameter="Unusual tiredness">n</VALUE>
		<VALUE parameter="Shortness of breath or coughing">y</VALUE>
		<VALUE parameter="Headache">n</VALUE>
		<VALUE parameter="Sore throat">y</VALUE>
		<VALUE parameter="Diarrhoea or vomiting">n</VALUE>
		<VALUE parameter="Diagnosis">infected</VALUE>
	</EXAMPLE>
	<EXAMPLE type=training>
		<VALUE parameter="Unusual tiredness">y</VALUE>
		<VALUE parameter="Shortness of breath or coughing">n</VALUE>
		<VALUE parameter="Headache">y</VALUE>
		<VALUE parameter="Sore throat">n</VALUE>
		<VALUE parameter="Diarrhoea or vomiting">n</VALUE>
		<VALUE parameter="Diagnosis">not infected</VALUE>
	</EXAMPLE>
	<EXAMPLE type=training>
		<VALUE parameter="Unusual tiredness">n</VALUE>
		<VALUE parameter="Shortness of breath or coughing">y</VALUE>
		<VALUE parameter="Headache">n</VALUE>
		<VALUE parameter="Sore throat">y</VALUE>
		<VALUE parameter="Diarrhoea or vomiting">n</VALUE>
		<VALUE parameter="Diagnosis">infected</VALUE>
	</EXAMPLE>
	<EXAMPLE type=test>
		<VALUE parameter="Unusual tiredness">n</VALUE>
		<VALUE parameter="Shortness of breath or coughing">y</VALUE>
		<VALUE parameter="Headache">n</VALUE>
		<VALUE parameter="Sore throat">y</VALUE>
		<VALUE parameter="Diarrhoea or vomiting">y</VALUE>
		<VALUE parameter="Diagnosis">?</VALUE>
	</EXAMPLE>
	<EXAMPLE type=test>
		<VALUE parameter="Unusual tiredness">n</VALUE>
		<VALUE parameter="Shortness of breath or coughing">y</VALUE>
		<VALUE parameter="Headache">y</VALUE>
		<VALUE parameter="Sore throat">n</VALUE>
		<VALUE parameter="Diarrhoea or vomiting">y</VALUE>
		<VALUE parameter="Diagnosis">?</VALUE>
	</EXAMPLE>
	<EXAMPLE type=test>
		<VALUE parameter="Unusual tiredness">y</VALUE>
		<VALUE parameter="Shortness of breath or coughing">y</VALUE>
		<VALUE parameter="Headache">y</VALUE>
		<VALUE parameter="Sore throat">y</VALUE>
		<VALUE parameter="Diarrhoea or vomiting">y</VALUE>
		<VALUE parameter="Diagnosis">?</VALUE>
	</EXAMPLE>
	<EXAMPLE type=test>
		<VALUE parameter="Unusual tiredness">n</VALUE>
		<VALUE parameter="Shortness of breath or coughing">y</VALUE>
		<VALUE parameter="Headache">n</VALUE>
		<VALUE parameter="Sore throat">y</VALUE>
		<VALUE parameter="Diarrhoea or vomiting">y</VALUE>
		<VALUE parameter="Diagnosis">?</VALUE>
	</EXAMPLE>
	<EXAMPLE type=test>
		<VALUE parameter="Unusual tiredness">y</VALUE>
		<VALUE parameter="Shortness of breath or coughing">y</VALUE>
		<VALUE parameter="Headache">n</VALUE>
		<VALUE parameter="Sore throat">n</VALUE>
		<VALUE parameter="Diarrhoea or vomiting">n</VALUE>
		<VALUE parameter="Diagnosis">?</VALUE>
	</EXAMPLE>
	<EXAMPLE type=test>
		<VALUE parameter="Unusual tiredness">n</VALUE>
		<VALUE parameter="Shortness of breath or coughing">n</VALUE>
		<VALUE parameter="Headache">y</VALUE>
		<VALUE parameter="Sore throat">y</VALUE>
		<VALUE parameter="Diarrhoea or vomiting">y</VALUE>
		<VALUE parameter="Diagnosis">?</VALUE>
	</EXAMPLE>
</EXAMPLES>


