<?xml version="1.0" encoding="UTF-8"?>
<BIF VERSION="0.3"  xmlns="http://www.cs.ubc.ca/labs/lci/fopi/ve/XMLBIFv0_3"
	xmlns:xsi="http://www.w3.org/2001/XMLSchema-instance"
	xsi:schemaLocation="http://www.cs.ubc.ca/labs/lci/fopi/ve/XMLBIFv0_3 http://www.cs.ubc.ca/labs/lci/fopi/ve/XMLBIFv0_3/XMLBIFv0_3.xsd">
<NETWORK>
<NAME>Untitled</NAME>
<PROPERTY>short = </PROPERTY>
<PROPERTY>detailed = </PROPERTY>

<VARIABLE TYPE="nature">
	<NAME>Temperature</NAME>
	<OUTCOME>&lt;0</OUTCOME>
	<OUTCOME>0</OUTCOME>
	<OUTCOME>&gt;</OUTCOME>
	<PROPERTY>position = (7448.0, 5081.0)</PROPERTY>
</VARIABLE>

<VARIABLE TYPE="nature">
	<NAME>Moisture</NAME>
	<OUTCOME>Low</OUTCOME>
	<OUTCOME>Medium</OUTCOME>
	<OUTCOME>High</OUTCOME>
	<PROPERTY>position = (7450.0, 5165.0)</PROPERTY>
</VARIABLE>

<VARIABLE TYPE="nature">
	<NAME>Produces Falling</NAME>
	<OUTCOME>Snow</OUTCOME>
	<OUTCOME>sleet</OUTCOME>
	<OUTCOME>rain</OUTCOME>
	<PROPERTY>position = (7576.0, 5272.0)</PROPERTY>
</VARIABLE>

<VARIABLE TYPE="nature">
	<NAME>Surface temperature</NAME>
	<OUTCOME>cold</OUTCOME>
	<OUTCOME>warm</OUTCOME>
	<PROPERTY>position = (7305.0, 5269.0)</PROPERTY>
</VARIABLE>

<VARIABLE TYPE="nature">
	<NAME>Surface Conditoins</NAME>
	<OUTCOME>Snow</OUTCOME>
	<OUTCOME>slush</OUTCOME>
	<OUTCOME>puddles</OUTCOME>
	<PROPERTY>position = (7466.0, 5374.0)</PROPERTY>
</VARIABLE>

<VARIABLE TYPE="nature">
	<NAME>Condensation</NAME>
	<OUTCOME>occurs</OUTCOME>
	<OUTCOME>not</OUTCOME>
	<PROPERTY>position = (7691.0, 5163.0)</PROPERTY>
</VARIABLE>

<DEFINITION>
	<FOR>Temperature</FOR>
	<TABLE>0.45 0.35 0.2</TABLE>
</DEFINITION>

<DEFINITION>
	<FOR>Moisture</FOR>
	<GIVEN>Temperature</GIVEN>
	<TABLE>0.0834 0.25 0.6666 0.1834 0.55 0.2666 0.6666 0.1834 0.15</TABLE>
</DEFINITION>

<DEFINITION>
	<FOR>Produces Falling</FOR>
	<GIVEN>Condensation</GIVEN>
	<TABLE>0.6666 0.3 0.0334 0.0334 0.3 0.6666</TABLE>
</DEFINITION>

<DEFINITION>
	<FOR>Surface temperature</FOR>
	<GIVEN>Produces Falling</GIVEN>
	<TABLE>0.9 0.1 0.7 0.3 0.2 0.8</TABLE>
</DEFINITION>

<DEFINITION>
	<FOR>Surface Conditoins</FOR>
	<GIVEN>Produces Falling</GIVEN>
	<GIVEN>Surface temperature</GIVEN>
	<TABLE>0.9 0.1 0.0 0.2 0.3 0.5 0.3 0.6 0.1 0.1 0.2 0.7 0.1 0.3 0.6 0.0 0.1 0.9</TABLE>
</DEFINITION>

<DEFINITION>
	<FOR>Condensation</FOR>
	<GIVEN>Moisture</GIVEN>
	<TABLE>0.2 0.8 0.6 0.4 0.9 0.1</TABLE>
</DEFINITION>
</NETWORK>
</BIF>
